Alabama,Camellia,Yellowhammer
Alaska,Forget-me-not,Willow Ptarmigan
Arizona,Saguaro Cactus Blossom,Cactus Wren
Arkansas,Apple Blossom,Northern Mockingbird
California,California Poppy,California Quail
Colorado,Rocky Mountain Columbine,Lark Bunting
Connecticut,Mountain Laurel,American Robin
Delaware,Peach Blossom,Delaware Blue Hen
Florida,Orange Blossom,Northern Mockingbird
Georgia,Cherokee Rose,Brown Thrasher
Hawaii,Hawaiian Hibiscus,Hawaiian Goose
Idaho,Syringa,Mountain Bluebird
Illinois,Violet,Northern Cardinal
Indiana,Peony,Northern Cardinal
Iowa,Wild Prairie Rose,Eastern Goldfinch
Kansas,Sunflower,Western Meadowlark
Kentucky,Goldenrod,Northern Cardinal
Louisiana,Magnolia,Brown Pelican
Maine,White Pine Cone and Tassel,Black-capped Chickadee
Maryland,Black-eyed Susan,Baltimore Oriole
Massachusetts,Mayflower,Black-capped Chickadee
Michigan,Apple Blossom,American Robin
Minnesota,Pink and White Lady's Slipper,Common Loon
Mississippi,Magnolia,Northern Mockingbird
Missouri,Hawthorn,Eastern Bluebird
Montana,Bitterroot,Western Meadowlark
Nebraska,Goldenrod,Western Meadowlark
Nevada,Sagebrush,Mountain Bluebird
New Hampshire,Purple Lilac,Purple Finch
New Jersey,Violet,Eastern Goldfinch
New Mexico,Yucca Flower,Roadrunner
New York,Rose,Eastern Bluebird
North Carolina,Flowering Dogwood,Northern Cardinal
North Dakota,Wild Prairie Rose,Western Meadowlark
Ohio,Scarlet Carnation,Northern Cardinal
Oklahoma,Oklahoma Rose,Scissor-tailed Flycatcher
Oregon,Oregon Grape,Western Meadowlark
Pennsylvania,Mountain Laurel,Ruffled Grouse
Rhode Island,Violet,Rhode Island Red
South Carolina,Yellow Jessamine,Carolina Wren
South Dakota,Pasque Flower,Ring-necked Pheasant
Tennessee,Iris,Northern Mockingbird
Texas,Bluebonnet,Northern Mockingbird
Utah,Sego Lily,California Gull
Vermont,Red Clover,Hermit Thrush
Virginia,American Dogwood,Northern Cardinal
Washington,Coast Rhododendron,Willow Goldfinch
Washington DC,American Beauty Rose,Wood Thrush
West Virginia,Rhododendron,Northern Cardinal
Wisconsin,Wood Violet,American Robin
Wyoming,Indian Paintbrush,Western Meadowlark
